Wall time,Step,Value
1748534587.660514,0,9.463722229003906
1748535355.4541225,1,23.974763870239258
1748536124.53331,2,19.873817443847656
1748536898.4262927,3,44.05888366699219
1748537676.1875565,4,50.78864288330078
1748538442.2015944,5,41.640377044677734
1748539207.8555796,6,42.58675003051758
1748539971.9610436,7,60.672977447509766
1748540740.8206122,8,59.09568786621094
1748541507.0991337,9,63.09148406982422
