Wall time,Step,Value
1748534587.6604655,0,4.335661888122559
1748535355.4540708,1,3.258437156677246
1748536124.5332494,2,5.015687942504883
1748536898.426243,3,2.1275644302368164
1748537676.187505,4,1.7924346923828125
1748538442.2015374,5,2.254680871963501
1748539207.8555293,6,2.2950923442840576
1748539971.9609838,7,1.511857032775879
1748540740.820548,8,1.4699726104736328
1748541507.0990846,9,1.3778818845748901
