Wall time,Step,Value
1748526909.567754,0,15.878023147583008
1748527669.232315,1,7.570977687835693
1748528438.386555,2,10.72555160522461
1748529199.7957404,3,8.412198066711426
1748529964.7728336,4,10.620399475097656
1748530729.995529,5,35.9621467590332
1748531496.1038806,6,15.772871017456055
1748532271.0256963,7,13.564668655395508
1748533037.2207322,8,44.37434387207031
1748533810.5362499,9,36.90851593017578
