Wall time,Step,Value
1748526909.5677083,0,2.976670265197754
1748527669.2322674,1,4.618038654327393
1748528438.3865073,2,5.087460041046143
1748529199.79569,3,5.453420639038086
1748529964.7727861,4,4.846266746520996
1748530729.99547,5,2.3320655822753906
1748531496.1038303,6,4.640397548675537
1748532271.0256433,7,5.0693254470825195
1748533037.220678,8,2.0462911128997803
1748533810.5361986,9,2.276198625564575
