Wall time,Step,Value
1748520422.1178257,0,2.6712121963500977
1748521059.6140494,1,2.7061290740966797
1748521695.1879208,2,2.4612581729888916
1748522332.5330663,3,1.951276183128357
1748522968.7036474,4,2.283686399459839
1748523604.2635207,5,1.7281804084777832
1748524237.323933,6,1.9119900465011597
1748524871.2588613,7,2.3418281078338623
1748525505.3897374,8,2.1845407485961914
1748526139.303798,9,2.2231967449188232
