Wall time,Step,Value
1748520422.1178777,0,36.80336380004883
1748521059.6141005,1,47.21345901489258
1748521695.1879718,2,50.578338623046875
1748522332.5331123,3,58.88538360595703
1748522968.7036989,4,50.68349075317383
1748523604.2635686,5,63.617244720458984
1748524237.323984,6,58.25447082519531
1748524871.2589107,7,57.518402099609375
1748525505.3897889,8,60.147212982177734
1748526139.303847,9,60.56782150268555
